Experiment_ID,Node,Predicted_Value,Measured_Value,Residual,Absolute_Error
1,CASP3,0.33112582781456956,0.349422873,-0.01829704518543046,0.01829704518543046
2,CASP3,0.3076923076923077,0.311171946,-0.0034796383076922677,0.0034796383076922677
3,CASP3,0.23,0.223043119,0.006956880999999998,0.006956880999999998
4,CASP3,0.30327868852459017,0.266163074,0.03711561452459017,0.03711561452459017
5,CASP3,0.17307692307692307,0.158025471,0.015051452076923072,0.015051452076923072
6,CASP3,0.2247191011235955,0.252664273,-0.027945171876404495,0.027945171876404495
7,CASP3,0.17270194986072424,0.184038355,-0.011336405139275751,0.011336405139275751
