Experiment_ID,Node,Predicted_Value,Measured_Value,Residual,Absolute_Error
1,CASP3,1.0,0.317699657,0.682300343,0.682300343
2,CASP3,1.0,0.270094786,0.729905214,0.729905214
3,CASP3,1.0,0.240832496,0.759167504,0.759167504
4,CASP3,0.12,0.370602546,-0.250602546,0.250602546
5,CASP3,1.0,0.400900604,0.599099396,0.599099396
6,CASP3,1.0,0.369222631,0.630777369,0.630777369
7,CASP3,0.99,0.247656767,0.7423432329999999,0.7423432329999999
8,CASP3,0.12,0.159653529,-0.03965352899999999,0.03965352899999999
